id,title,content
1,Climate Change,Climate change is affecting ecosystems around the world. Rising temperatures and extreme weather events threaten biodiversity and human life.
2,Cybersecurity Trends,Cybersecurity is becoming critical as digital threats grow. Organizations invest in encryption and monitoring to protect sensitive data.
3,Cloud Computing,Cloud computing provides scalable resources over the internet. Businesses use cloud services to store data and run applications efficiently.
4,Renewable Energy,Solar and wind energy are key solutions for sustainable power. Renewable sources reduce carbon emissions and environmental damage.
5,Healthcare Technology,Technology is improving healthcare through telemedicine and wearable devices. Digital health systems enhance patient monitoring.
6,Blockchain Applications,Blockchain enables secure and transparent transactions. It is used in finance supply chains and digital identity systems.
7,Education Technology,Online learning platforms expand access to education. Interactive tools and virtual classrooms support modern learning.
8,Smart Cities,Smart cities use sensors and data analytics to improve urban services. Transportation and energy management become more efficient.
9,Artificial Intelligence Ethics,Ethical concerns in artificial intelligence include bias transparency and accountability. Responsible AI ensures fairness.
10,Space Exploration,Space missions explore planets and advance scientific knowledge. Satellites and rockets support communication and research.
